<?xml version="1.0" encoding="utf-8"?>
<object name="talk" meta_type="Dexterity FTI" i18n:domain="plone"
   xmlns:i18n="http://xml.zope.org/namespaces/i18n">
 <property name="title" i18n:translate="">Talk</property>
 <property name="description" i18n:translate="">Talk</property>
 <property name="icon_expr">string:${portal_url}/document_icon.png</property>
 <property name="factory">talk</property>
 <property name="add_view_expr">string:${folder_url}/++add++talk</property>
 <property name="link_target"></property>
 <property name="immediate_view">view</property>
 <property name="global_allow">True</property>
 <property name="filter_content_types">True</property>
 <property name="allowed_content_types"/>
 <property name="allow_discussion">False</property>
 <property name="default_view">view</property>
 <property name="view_methods">
  <element value="view"/>
 </property>
 <property name="default_view_fallback">False</property>
 <property name="add_permission">cmf.AddPortalContent</property>
 <property name="klass">plone.dexterity.content.Container</property>
 <property name="behaviors">
  <element value="plone.dublincore"/>
  <element value="plone.namefromtitle"/>
 </property>
 <property name="schema"></property>
 <property
    name="model_source">&lt;model xmlns:form=&quot;http://namespaces.plone.org/supermodel/form&quot; xmlns:i18n=&quot;http://xml.zope.org/namespaces/i18n&quot; xmlns:lingua=&quot;http://namespaces.plone.org/supermodel/lingua&quot; xmlns:marshal=&quot;http://namespaces.plone.org/supermodel/marshal&quot; xmlns:security=&quot;http://namespaces.plone.org/supermodel/security&quot; xmlns:users=&quot;http://namespaces.plone.org/supermodel/users&quot; xmlns=&quot;http://namespaces.plone.org/supermodel/schema&quot;&gt;
    &lt;schema&gt;
      &lt;field name=&quot;type_of_talk&quot; type=&quot;zope.schema.Choice&quot;&gt;
        &lt;description/&gt;
        &lt;title&gt;Type of talk&lt;/title&gt;
        &lt;values&gt;
          &lt;element&gt;talk&lt;/element&gt;
          &lt;element&gt;keynote&lt;/element&gt;
          &lt;element&gt;training&lt;/element&gt;
        &lt;/values&gt;
      &lt;/field&gt;
      &lt;field name=&quot;details&quot; type=&quot;plone.app.textfield.RichText&quot;&gt;
        &lt;description/&gt;
        &lt;max_length&gt;2000&lt;/max_length&gt;
        &lt;title&gt;Details&lt;/title&gt;
      &lt;/field&gt;
      &lt;field name=&quot;audience&quot; type=&quot;zope.schema.Set&quot;&gt;
        &lt;default/&gt;
        &lt;description/&gt;
        &lt;title&gt;Audience&lt;/title&gt;
        &lt;value_type type=&quot;zope.schema.Choice&quot;&gt;
          &lt;values&gt;
            &lt;element&gt;Beginner&lt;/element&gt;
            &lt;element&gt;Advanced&lt;/element&gt;
            &lt;element&gt;Pro&lt;/element&gt;
          &lt;/values&gt;
        &lt;/value_type&gt;
      &lt;/field&gt;
      &lt;field name=&quot;speaker&quot; type=&quot;zope.schema.TextLine&quot;&gt;
        &lt;description/&gt;
        &lt;title&gt;Speaker&lt;/title&gt;
      &lt;/field&gt;
      &lt;field name=&quot;email&quot; type=&quot;plone.schema.email.Email&quot;&gt;
        &lt;description/&gt;
        &lt;title&gt;Email&lt;/title&gt;
      &lt;/field&gt;
      &lt;field name=&quot;image&quot; type=&quot;plone.namedfile.field.NamedBlobImage&quot;&gt;
        &lt;description/&gt;
        &lt;required&gt;False&lt;/required&gt;
        &lt;title&gt;Image&lt;/title&gt;
      &lt;/field&gt;
      &lt;field name=&quot;speaker_biography&quot; type=&quot;plone.app.textfield.RichText&quot;&gt;
        &lt;description/&gt;
        &lt;required&gt;False&lt;/required&gt;
        &lt;title&gt;Speaker Biography&lt;/title&gt;
      &lt;/field&gt;
    &lt;/schema&gt;
  &lt;/model&gt;</property>
 <property name="model_file"></property>
 <property name="schema_policy">dexterity</property>
 <alias from="(Default)" to="(dynamic view)"/>
 <alias from="edit" to="@@edit"/>
 <alias from="sharing" to="@@sharing"/>
 <alias from="view" to="(selected layout)"/>
 <action title="View" action_id="view" category="object" condition_expr=""
    icon_expr="" link_target="" url_expr="string:${object_url}"
    visible="True">
  <permission value="View"/>
 </action>
 <action title="Edit" action_id="edit" category="object" condition_expr=""
    icon_expr="" link_target="" url_expr="string:${object_url}/edit"
    visible="True">
  <permission value="Modify portal content"/>
 </action>
</object>
